{
    "intents": [
        {
            "slots": [
                {
                    "type": "RECIPE", 
                    "name": "FindRecipe"
                }
            ], 
            "intent": "FindRecipeIntent"
        }, 
        {
            "slots": [
                {
                    "type": "RECIPE", 
                    "name": "LoadRecipe"
                }
            ], 
            "intent": "LoadRecipeIntent"
        }, 
        {
            "slots": [
                {
                    "type": "2", 
                    "name": "CHOICE"
                }
            ], 
            "intent": "ChoiceIntent"
        }
    ]
}